ID,NAME,EMAIL,MOBILE,PASSWORD
353,"ADAM HOWARD",adam.howard402@gmail.com,7997333767,12345
354,"STANLEY KIRK-LITTLE",stanley.kirk-little818@gmail.com,7407382289,12345
355,"MISS BETHANY LEONARD",miss.bethany.leonard788@gmail.com,7249363691,12345
356,"DEREK PATEL",derek.patel20@gmail.com,7464419531,12345
357,"GERARD COOPER",gerard.cooper247@gmail.com,7209751794,12345
358,"MR RYAN MAY",mr.ryan.may878@gmail.com,7137240783,12345
359,"RACHEL SKINNER",rachel.skinner263@gmail.com,7954770950,12345
360,"DR KARL MORRIS",dr.karl.morris306@gmail.com,7355573892,12345
361,"MARTYN JONES",martyn.jones56@gmail.com,7751426042,12345
362,"KEITH SMITH-GRIFFITHS",keith.smith-griffiths146@gmail.com,7555291033,12345
363,"CAROLE LLOYD-MORGAN",carole.lloyd-morgan527@gmail.com,7739891252,12345
364,"MRS JOANNA BISHOP",mrs.joanna.bishop155@gmail.com,7433991386,12345
365,"SIMON MARTIN",simon.martin478@gmail.com,7619203978,12345
366,"HILARY JOYCE",hilary.joyce679@gmail.com,7652922976,12345
367,"BENJAMIN BARKER-WRIGHT",benjamin.barker-wright984@gmail.com,7027617818,12345
368,"LINDSEY GRANT",lindsey.grant968@gmail.com,7194050414,12345
369,"NICOLE FLETCHER",nicole.fletcher876@gmail.com,7189128763,12345
370,"SAMANTHA FINCH-WRIGHT",samantha.finch-wright173@gmail.com,7510554020,12345
371,"MS GRACE GARDNER",ms.grace.gardner731@gmail.com,7077798920,12345
372,"PAULA KHAN",paula.khan587@gmail.com,7608683054,12345
373,"MR JEFFREY ROBINSON",mr.jeffrey.robinson900@gmail.com,7903216286,12345
374,"DR DEBRA DIXON",dr.debra.dixon632@gmail.com,7732898326,12345
375,"CHELSEA WALLIS",chelsea.wallis433@gmail.com,7048978237,12345
376,"MARCUS O'BRIEN",marcus.obrien193@gmail.com,7821169439,12345
377,"TRACEY MIAH",tracey.miah720@gmail.com,7715609706,12345
378,"ZOE GILES",zoe.giles607@gmail.com,7538289005,12345
379,"JENNA EDWARDS",jenna.edwards460@gmail.com,7511664695,12345
380,"ASHLEIGH MOORE-JONES",ashleigh.moore-jones934@gmail.com,7614229317,12345
381,"MRS ELLIE MITCHELL",mrs.ellie.mitchell919@gmail.com,7793426862,12345
382,"CHRISTOPHER BARRETT",christopher.barrett528@gmail.com,7463867445,12345
383,"DAMIEN ROGERS",damien.rogers515@gmail.com,7723774154,12345
384,"TOM ROBINSON-RILEY",tom.robinson-riley508@gmail.com,7613004832,12345
385,"MS MARIE ANDREWS",ms.marie.andrews820@gmail.com,7868886863,12345
386,"MS JOYCE AUSTIN",ms.joyce.austin7@gmail.com,7467580457,12345
387,"MR MARC ALLEN",mr.marc.allen852@gmail.com,7397874316,12345
388,"DANIELLE SHAW-CONWAY",danielle.shaw-conway318@gmail.com,7635958077,12345
389,"PHILLIP DAVIS-ANDREWS",phillip.davis-andrews984@gmail.com,7185184881,12345
390,"ZOE EDWARDS",zoe.edwards729@gmail.com,7200635033,12345
391,"DR ANGELA ATKINS",dr.angela.atkins812@gmail.com,7781636166,12345
392,"SOPHIE JONES",sophie.jones223@gmail.com,7458491816,12345
393,"MR PAUL PARKER",mr.paul.parker589@gmail.com,7075869733,12345
394,"DEREK BLACK",derek.black833@gmail.com,7163054214,12345
395,"JOSH CARTER",josh.carter625@gmail.com,7196258146,12345
396,"MS JOANNE BARNES",ms.joanne.barnes339@gmail.com,7561166096,12345
397,"SAM QUINN",sam.quinn750@gmail.com,7918541493,12345
398,"HOWARD LLOYD",howard.lloyd416@gmail.com,7531722506,12345
399,"GUY WILKINSON",guy.wilkinson413@gmail.com,7553082778,12345
400,"OWEN NEWMAN-HARVEY",owen.newman-harvey355@gmail.com,7575893659,12345
401,"RONALD COOPER",ronald.cooper907@gmail.com,7418477508,12345
402,"CLARE KING-EDWARDS",clare.king-edwards905@gmail.com,7541428804,12345
403,"DENNIS ELLIOTT-GARNER",dennis.elliott-garner260@gmail.com,7051683884,12345
404,"KATHERINE COOPER",katherine.cooper313@gmail.com,7515137152,12345
405,"PHILIP WOOD",philip.wood523@gmail.com,7697216725,12345
406,"TINA MURRAY",tina.murray246@gmail.com,7265236464,12345
407,"KATHERINE THOMPSON-PRESTON",katherine.thompson-preston533@gmail.com,7201138528,12345
408,"JUDITH BURGESS",judith.burgess743@gmail.com,7427110097,12345
409,"MR HARRY NEWMAN",mr.harry.newman476@gmail.com,7119059727,12345
410,"TERESA REED",teresa.reed168@gmail.com,7911950659,12345
411,"JANICE JOYCE",janice.joyce27@gmail.com,7438173647,12345
412,"NAOMI WARREN",naomi.warren119@gmail.com,7663361172,12345
413,"LUCY DYER",lucy.dyer600@gmail.com,7028207628,12345
414,"ANTONY SWIFT-HORTON",antony.swift-horton276@gmail.com,7508280341,12345
415,"DAVID REED",david.reed661@gmail.com,7643653286,12345
416,"SYLVIA SMITH",sylvia.smith610@gmail.com,7202840045,12345
417,"DR MARTIN ALI",dr.martin.ali51@gmail.com,7843263273,12345
418,"MR OWEN FREEMAN",mr.owen.freeman739@gmail.com,7460484666,12345
419,"SEAN TURNBULL",sean.turnbull453@gmail.com,7730783762,12345
420,"JACOB BAKER-ROBERTS",jacob.baker-roberts591@gmail.com,7265153437,12345
421,"DR JOANNE O'NEILL",dr.joanne.oneill349@gmail.com,7750311648,12345
422,"HILARY PAGE",hilary.page34@gmail.com,7738551291,12345
423,"ELLIOTT LEACH",elliott.leach237@gmail.com,7471509664,12345
424,"TRACY FREEMAN",tracy.freeman741@gmail.com,7894070559,12345
425,"DR GEOFFREY WILLIAMS",dr.geoffrey.williams882@gmail.com,7392633785,12345
426,"LEANNE ARNOLD",leanne.arnold300@gmail.com,7758896349,12345
427,"JEAN FOX",jean.fox637@gmail.com,7181928234,12345
428,"SHAUN BROWN",shaun.brown280@gmail.com,7429072992,12345
429,"LOUISE GRIFFITHS",louise.griffiths974@gmail.com,7777683642,12345
430,"PAIGE RAHMAN",paige.rahman502@gmail.com,7143911203,12345
431,"MARION BENNETT",marion.bennett869@gmail.com,7221493227,12345
432,"LOUISE KELLY",louise.kelly361@gmail.com,7721900742,12345
433,"RUTH JORDAN",ruth.jordan915@gmail.com,7413592619,12345
434,"RHYS HARRISON",rhys.harrison708@gmail.com,7619342472,12345
435,"MARC BROWN",marc.brown242@gmail.com,7864453128,12345
436,"DYLAN HUGHES",dylan.hughes94@gmail.com,7212814909,12345
437,"MRS SUSAN LITTLE",mrs.susan.little425@gmail.com,7556206995,12345
438,"MR NIGEL CLARK",mr.nigel.clark127@gmail.com,7517707049,12345
439,"HAZEL LORD",hazel.lord515@gmail.com,7450769896,12345
440,"JAYNE ROBERTS",jayne.roberts38@gmail.com,7783840034,12345
441,"MEGAN RANDALL",megan.randall43@gmail.com,7093760963,12345
442,"MRS DANIELLE SHEPHERD",mrs.danielle.shepherd582@gmail.com,7154786487,12345
443,"JOANNE AUSTIN-MITCHELL",joanne.austin-mitchell440@gmail.com,7096107653,12345
444,"ROSS BARNES",ross.barnes852@gmail.com,7578930826,12345
445,"VINCENT PARRY",vincent.parry791@gmail.com,7801800857,12345
446,"MRS HAYLEY WILSON",mrs.hayley.wilson61@gmail.com,7655994116,12345
447,"ADRIAN HAYWARD",adrian.hayward71@gmail.com,7644796876,12345
448,"GERALD BISHOP",gerald.bishop839@gmail.com,7363348401,12345
449,"ANGELA NEWMAN",angela.newman615@gmail.com,7914165379,12345
450,"ELEANOR DOHERTY-MOSS",eleanor.doherty-moss251@gmail.com,7103321684,12345
451,"CLIVE TODD",clive.todd539@gmail.com,7353417785,12345
452,"ROBIN BARRETT",robin.barrett556@gmail.com,7285624863,12345
